1.062451720000000099e+00,9.915501475000000342e-01,1.100000024000000076e+00,1.025257944999999893e+00
9.915501475000000342e-01,9.521703124000000518e-01,1.025257944999999893e+00,9.838302134999999948e-01
9.521703124000000518e-01,9.264261126999999707e-01,9.838302134999999948e-01,9.567995666999999926e-01
9.264261126999999707e-01,9.075112343000000248e-01,9.567995666999999926e-01,9.369826316999999571e-01
9.075112343000000248e-01,8.923395276000000154e-01,9.369826316999999571e-01,9.211318493000000274e-01
8.923395276000000154e-01,8.793249130000000413e-01,9.211318493000000274e-01,9.075906873000000319e-01
8.793249130000000413e-01,8.676325678999999846e-01,9.075906873000000319e-01,8.955121040000000310e-01
8.676325678999999846e-01,8.570375443000000093e-01,8.955121040000000310e-01,8.847386241000000373e-01
8.570375443000000093e-01,8.494780659999999761e-01,8.847386241000000373e-01,8.773930668999999627e-01
8.494780659999999761e-01,8.464054465000000471e-01,8.773930668999999627e-01,8.750021458000000196e-01
8.464054465000000471e-01,8.469889163999999582e-01,8.750021458000000196e-01,8.766849637000000417e-01
8.469889163999999582e-01,8.498580456000000005e-01,8.766849637000000417e-01,8.809408545000000368e-01
8.498580456000000005e-01,8.536817431000000012e-01,8.809408545000000368e-01,8.862698674000000221e-01
8.536817431000000012e-01,8.575130700999999966e-01,8.862698674000000221e-01,8.915683626999999500e-01
8.575130700999999966e-01,8.608470558999999911e-01,8.915683626999999500e-01,8.962206840999999979e-01
8.608470558999999911e-01,8.635115026999999888e-01,8.962206840999999979e-01,8.999999762000000514e-01
1.011394023999999892e+00,9.455071687999999641e-01,1.062451720000000099e+00,9.915501475000000342e-01
9.455071687999999641e-01,9.087815285000000465e-01,9.915501475000000342e-01,9.521703124000000518e-01
9.087815285000000465e-01,8.846887350000000039e-01,9.521703124000000518e-01,9.264261126999999707e-01
8.846887350000000039e-01,8.669168352999999660e-01,9.264261126999999707e-01,9.075112343000000248e-01
8.669168352999999660e-01,8.525895476000000528e-01,9.075112343000000248e-01,8.923395276000000154e-01
8.525895476000000528e-01,8.402088283999999963e-01,8.923395276000000154e-01,8.793249130000000413e-01
8.402088283999999963e-01,8.289471269000000531e-01,8.793249130000000413e-01,8.676325678999999846e-01
8.289471269000000531e-01,8.184723257999999557e-01,8.676325678999999846e-01,8.570375443000000093e-01
8.184723257999999557e-01,8.104671239999999832e-01,8.570375443000000093e-01,8.494780659999999761e-01
8.104671239999999832e-01,8.062949180999999799e-01,8.494780659999999761e-01,8.464054465000000471e-01
8.062949180999999799e-01,8.051990271000000199e-01,8.464054465000000471e-01,8.469889163999999582e-01
8.051990271000000199e-01,8.059951663000000099e-01,8.469889163999999582e-01,8.498580456000000005e-01
8.059951663000000099e-01,8.075928091999999836e-01,8.498580456000000005e-01,8.536817431000000012e-01
8.075928091999999836e-01,8.092677592999999447e-01,8.536817431000000012e-01,8.575130700999999966e-01
8.092677592999999447e-01,8.106712103000000003e-01,8.575130700999999966e-01,8.608470558999999911e-01
8.106712103000000003e-01,8.117074370000000316e-01,8.608470558999999911e-01,8.635115026999999888e-01
9.475576282000000017e-01,8.877135514999999755e-01,1.011394023999999892e+00,9.455071687999999641e-01
8.877135514999999755e-01,8.541673422000000127e-01,9.455071687999999641e-01,9.087815285000000465e-01
8.541673422000000127e-01,8.320361375999999476e-01,9.087815285000000465e-01,8.846887350000000039e-01
8.320361375999999476e-01,8.156065344999999800e-01,8.846887350000000039e-01,8.669168352999999660e-01
8.156065344999999800e-01,8.022536635000000471e-01,8.669168352999999660e-01,8.525895476000000528e-01
8.022536635000000471e-01,7.905813456000000405e-01,8.525895476000000528e-01,8.402088283999999963e-01
7.905813456000000405e-01,7.797619700000000265e-01,8.402088283999999963e-01,8.289471269000000531e-01
7.797619700000000265e-01,7.693130374000000105e-01,8.289471269000000531e-01,8.184723257999999557e-01
7.693130374000000105e-01,7.605940700000000110e-01,8.184723257999999557e-01,8.104671239999999832e-01
7.605940700000000110e-01,7.548727989000000305e-01,8.104671239999999832e-01,8.062949180999999799e-01
7.548727989000000305e-01,7.514908909999999942e-01,8.062949180999999799e-01,8.051990271000000199e-01
7.514908909999999942e-01,7.495061159000000472e-01,8.051990271000000199e-01,8.059951663000000099e-01
7.495061159000000472e-01,7.481390237999999693e-01,8.059951663000000099e-01,8.075928091999999836e-01
7.481390237999999693e-01,7.469535470000000510e-01,8.075928091999999836e-01,8.092677592999999447e-01
7.469535470000000510e-01,7.458024024999999613e-01,8.092677592999999447e-01,8.106712103000000003e-01
7.458024024999999613e-01,7.446874975999999702e-01,8.106712103000000003e-01,8.117074370000000316e-01
8.756293057999999796e-01,8.222767115000000349e-01,9.475576282000000017e-01,8.877135514999999755e-01
8.222767115000000349e-01,7.921110392000000333e-01,8.877135514999999755e-01,8.541673422000000127e-01
7.921110392000000333e-01,7.720378041000000024e-01,8.541673422000000127e-01,8.320361375999999476e-01
7.720378041000000024e-01,7.569909691999999746e-01,8.320361375999999476e-01,8.156065344999999800e-01
7.569909691999999746e-01,7.446141242999999577e-01,8.156065344999999800e-01,8.022536635000000471e-01
7.446141242999999577e-01,7.336142062999999602e-01,8.022536635000000471e-01,7.905813456000000405e-01
7.336142062999999602e-01,7.231503725000000271e-01,7.905813456000000405e-01,7.797619700000000265e-01
7.231503725000000271e-01,7.125492691999999462e-01,7.797619700000000265e-01,7.693130374000000105e-01
7.125492691999999462e-01,7.028060554999999709e-01,7.693130374000000105e-01,7.605940700000000110e-01
7.028060554999999709e-01,6.951072216000000470e-01,7.605940700000000110e-01,7.548727989000000305e-01
6.951072216000000470e-01,6.889159678999999814e-01,7.548727989000000305e-01,7.514908909999999942e-01
6.889159678999999814e-01,6.835740208999999679e-01,7.514908909999999942e-01,7.495061159000000472e-01
6.835740208999999679e-01,6.786624788999999769e-01,7.495061159000000472e-01,7.481390237999999693e-01
6.786624788999999769e-01,6.740767359999999542e-01,7.481390237999999693e-01,7.469535470000000510e-01
6.740767359999999542e-01,6.698997616999999849e-01,7.469535470000000510e-01,7.458024024999999613e-01
6.698997616999999849e-01,6.662428379000000511e-01,7.458024024999999613e-01,7.446874975999999702e-01
8.035014867999999977e-01,7.565150857000000340e-01,8.756293057999999796e-01,8.222767115000000349e-01
7.565150857000000340e-01,7.296524048000000429e-01,8.222767115000000349e-01,7.921110392000000333e-01
7.296524048000000429e-01,7.115800976999999694e-01,7.921110392000000333e-01,7.720378041000000024e-01
7.115800976999999694e-01,6.978682280000000349e-01,7.720378041000000024e-01,7.569909691999999746e-01
6.978682280000000349e-01,6.864229441000000431e-01,7.569909691999999746e-01,7.446141242999999577e-01
6.864229441000000431e-01,6.760500669000000240e-01,7.446141242999999577e-01,7.336142062999999602e-01
6.760500669000000240e-01,6.658902763999999808e-01,7.336142062999999602e-01,7.231503725000000271e-01
6.658902763999999808e-01,6.550719141999999939e-01,7.231503725000000271e-01,7.125492691999999462e-01
6.550719141999999939e-01,6.442264914999999981e-01,7.125492691999999462e-01,7.028060554999999709e-01
6.442264914999999981e-01,6.344701052000000230e-01,7.028060554999999709e-01,6.951072216000000470e-01
6.344701052000000230e-01,6.253911853000000409e-01,6.951072216000000470e-01,6.889159678999999814e-01
6.253911853000000409e-01,6.166187524999999781e-01,6.889159678999999814e-01,6.835740208999999679e-01
6.166187524999999781e-01,6.080970763999999917e-01,6.835740208999999679e-01,6.786624788999999769e-01
6.080970763999999917e-01,6.000546812999999480e-01,6.786624788999999769e-01,6.740767359999999542e-01
6.000546812999999480e-01,5.928047895000000400e-01,6.740767359999999542e-01,6.698997616999999849e-01
5.928047895000000400e-01,5.865676999000000169e-01,6.698997616999999849e-01,6.662428379000000511e-01
7.391602993000000454e-01,6.979425550000000200e-01,8.035014867999999977e-01,7.565150857000000340e-01
6.979425550000000200e-01,6.740883588999999620e-01,7.565150857000000340e-01,7.296524048000000429e-01
6.740883588999999620e-01,6.578509808000000403e-01,7.296524048000000429e-01,7.115800976999999694e-01
6.578509808000000403e-01,6.453750134000000305e-01,7.115800976999999694e-01,6.978682280000000349e-01
6.453750134000000305e-01,6.348052025000000542e-01,6.978682280000000349e-01,6.864229441000000431e-01
6.348052025000000542e-01,6.250392198999999982e-01,6.864229441000000431e-01,6.760500669000000240e-01
6.250392198999999982e-01,6.152068972999999996e-01,6.760500669000000240e-01,6.658902763999999808e-01
6.152068972999999996e-01,6.042692065000000445e-01,6.658902763999999808e-01,6.550719141999999939e-01
6.042692065000000445e-01,5.925363301999999610e-01,6.550719141999999939e-01,6.442264914999999981e-01
5.925363301999999610e-01,5.810528397999999983e-01,6.442264914999999981e-01,6.344701052000000230e-01
5.810528397999999983e-01,5.695140958000000087e-01,6.344701052000000230e-01,6.253911853000000409e-01
5.695140958000000087e-01,5.577989221000000386e-01,6.253911853000000409e-01,6.166187524999999781e-01
5.577989221000000386e-01,5.461684464999999600e-01,6.166187524999999781e-01,6.080970763999999917e-01
5.461684464999999600e-01,5.351421832999999628e-01,6.080970763999999917e-01,6.000546812999999480e-01
5.351421832999999628e-01,5.252355336999999791e-01,6.000546812999999480e-01,5.928047895000000400e-01
5.252355336999999791e-01,5.167651175999999902e-01,5.928047895000000400e-01,5.865676999000000169e-01
6.874879599000000008e-01,6.510181427000000243e-01,7.391602993000000454e-01,6.979425550000000200e-01
6.510181427000000243e-01,6.296502948000000099e-01,6.979425550000000200e-01,6.740883588999999620e-01
6.296502948000000099e-01,6.149394512000000423e-01,6.740883588999999620e-01,6.578509808000000403e-01
6.149394512000000423e-01,6.035014987000000275e-01,6.578509808000000403e-01,6.453750134000000305e-01
6.035014987000000275e-01,5.936783552000000075e-01,6.453750134000000305e-01,6.348052025000000542e-01
5.936783552000000075e-01,5.844460129999999864e-01,6.348052025000000542e-01,6.250392198999999982e-01
5.844460129999999864e-01,5.749310851000000167e-01,6.250392198999999982e-01,6.152068972999999996e-01
5.749310851000000167e-01,5.639702081999999894e-01,6.152068972999999996e-01,6.042692065000000445e-01
5.639702081999999894e-01,5.516203045999999999e-01,6.042692065000000445e-01,5.925363301999999610e-01
5.516203045999999999e-01,5.388612747000000036e-01,5.925363301999999610e-01,5.810528397999999983e-01
5.388612747000000036e-01,5.254712701000000541e-01,5.810528397999999983e-01,5.695140958000000087e-01
5.254712701000000541e-01,5.115233660000000349e-01,5.695140958000000087e-01,5.577989221000000386e-01
5.115233660000000349e-01,4.975248574999999729e-01,5.577989221000000386e-01,5.461684464999999600e-01
4.975248574999999729e-01,4.842211901999999846e-01,5.461684464999999600e-01,5.351421832999999628e-01
4.842211901999999846e-01,4.722845553999999724e-01,5.351421832999999628e-01,5.252355336999999791e-01
4.722845553999999724e-01,4.621064960999999860e-01,5.252355336999999791e-01,5.167651175999999902e-01
6.493778824999999477e-01,6.165656446999999707e-01,6.874879599000000008e-01,6.510181427000000243e-01
6.165656446999999707e-01,5.971266627000000327e-01,6.510181427000000243e-01,6.296502948000000099e-01
5.971266627000000327e-01,5.836123227999999719e-01,6.296502948000000099e-01,6.149394512000000423e-01
5.836123227999999719e-01,5.730001329999999671e-01,6.149394512000000423e-01,6.035014987000000275e-01
5.730001329999999671e-01,5.637845993000000222e-01,6.035014987000000275e-01,5.936783552000000075e-01
5.637845993000000222e-01,5.550054907999999454e-01,5.936783552000000075e-01,5.844460129999999864e-01
5.550054907999999454e-01,5.457937121000000502e-01,5.844460129999999864e-01,5.749310851000000167e-01
5.457937121000000502e-01,5.349065065000000452e-01,5.749310851000000167e-01,5.639702081999999894e-01
5.349065065000000452e-01,5.222175121000000031e-01,5.639702081999999894e-01,5.516203045999999999e-01
5.222175121000000031e-01,5.086482762999999796e-01,5.516203045999999999e-01,5.388612747000000036e-01
5.086482762999999796e-01,4.940338432999999974e-01,5.388612747000000036e-01,5.254712701000000541e-01
4.940338432999999974e-01,4.785836339000000272e-01,5.254712701000000541e-01,5.115233660000000349e-01
4.785836339000000272e-01,4.629783034000000130e-01,5.115233660000000349e-01,4.975248574999999729e-01
4.629783034000000130e-01,4.481224417999999932e-01,4.975248574999999729e-01,4.842211901999999846e-01
4.481224417999999932e-01,4.347988367000000243e-01,4.842211901999999846e-01,4.722845553999999724e-01
4.347988367000000243e-01,4.234523773000000157e-01,4.722845553999999724e-01,4.621064960999999860e-01
6.170695424000000040e-01,5.874792933000000383e-01,6.493778824999999477e-01,6.165656446999999707e-01
5.874792933000000383e-01,5.697520375000000303e-01,6.165656446999999707e-01,5.971266627000000327e-01
5.697520375000000303e-01,5.573099256000000334e-01,5.971266627000000327e-01,5.836123227999999719e-01
5.573099256000000334e-01,5.474472642000000056e-01,5.836123227999999719e-01,5.730001329999999671e-01
5.474472642000000056e-01,5.387938619000000040e-01,5.730001329999999671e-01,5.637845993000000222e-01
5.387938619000000040e-01,5.304477811000000154e-01,5.637845993000000222e-01,5.550054907999999454e-01
5.304477811000000154e-01,5.215491652000000533e-01,5.550054907999999454e-01,5.457937121000000502e-01
5.215491652000000533e-01,5.107967257000000094e-01,5.457937121000000502e-01,5.349065065000000452e-01
5.107967257000000094e-01,4.979096948999999772e-01,5.349065065000000452e-01,5.222175121000000031e-01
4.979096948999999772e-01,4.837502241000000147e-01,5.222175121000000031e-01,5.086482762999999796e-01
4.837502241000000147e-01,4.681971966999999846e-01,5.086482762999999796e-01,4.940338432999999974e-01
4.681971966999999846e-01,4.515707790999999860e-01,4.940338432999999974e-01,4.785836339000000272e-01
4.515707790999999860e-01,4.346939027000000233e-01,4.785836339000000272e-01,4.629783034000000130e-01
4.346939027000000233e-01,4.186023474000000189e-01,4.629783034000000130e-01,4.481224417999999932e-01
4.186023474000000189e-01,4.041707218000000212e-01,4.481224417999999932e-01,4.347988367000000243e-01
4.041707218000000212e-01,3.918888271000000034e-01,4.347988367000000243e-01,4.234523773000000157e-01
5.828120112000000352e-01,5.567133426999999468e-01,6.170695424000000040e-01,5.874792933000000383e-01
5.567133426999999468e-01,5.408533812000000385e-01,5.874792933000000383e-01,5.697520375000000303e-01
5.408533812000000385e-01,5.295894145999999747e-01,5.697520375000000303e-01,5.573099256000000334e-01
5.295894145999999747e-01,5.205576419999999871e-01,5.573099256000000334e-01,5.474472642000000056e-01
5.205576419999999871e-01,5.125346184000000305e-01,5.474472642000000056e-01,5.387938619000000040e-01
5.125346184000000305e-01,5.046834350000000136e-01,5.387938619000000040e-01,5.304477811000000154e-01
5.046834350000000136e-01,4.961572586999999923e-01,5.304477811000000154e-01,5.215491652000000533e-01
4.961572586999999923e-01,4.855979979000000224e-01,5.215491652000000533e-01,5.107967257000000094e-01
4.855979979000000224e-01,4.725594222999999761e-01,5.107967257000000094e-01,4.979096948999999772e-01
4.725594222999999761e-01,4.578310847000000017e-01,4.979096948999999772e-01,4.837502241000000147e-01
4.578310847000000017e-01,4.413344263999999795e-01,4.837502241000000147e-01,4.681971966999999846e-01
4.413344263999999795e-01,4.235042929999999761e-01,4.681971966999999846e-01,4.515707790999999860e-01
4.235042929999999761e-01,4.053135216000000041e-01,4.515707790999999860e-01,4.346939027000000233e-01
4.053135216000000041e-01,3.879376948000000103e-01,4.346939027000000233e-01,4.186023474000000189e-01
3.879376948000000103e-01,3.723501563000000125e-01,4.186023474000000189e-01,4.041707218000000212e-01
3.723501563000000125e-01,3.590899408000000070e-01,4.041707218000000212e-01,3.918888271000000034e-01
5.445542335999999928e-01,5.224195718999999904e-01,5.828120112000000352e-01,5.567133426999999468e-01
5.224195718999999904e-01,5.086916088999999808e-01,5.567133426999999468e-01,5.408533812000000385e-01
5.086916088999999808e-01,4.987807870000000032e-01,5.408533812000000385e-01,5.295894145999999747e-01
4.987807870000000032e-01,4.907096326000000008e-01,5.295894145999999747e-01,5.205576419999999871e-01
4.907096326000000008e-01,4.834218919000000114e-01,5.205576419999999871e-01,5.125346184000000305e-01
4.834218919000000114e-01,4.761555791000000037e-01,5.125346184000000305e-01,5.046834350000000136e-01
4.761555791000000037e-01,4.680815040999999899e-01,5.046834350000000136e-01,4.961572586999999923e-01
4.680815040999999899e-01,4.577822684999999781e-01,4.961572586999999923e-01,4.855979979000000224e-01
4.577822684999999781e-01,4.446240365999999944e-01,4.855979979000000224e-01,4.725594222999999761e-01
4.446240365999999944e-01,4.293060899000000208e-01,4.725594222999999761e-01,4.578310847000000017e-01
4.293060899000000208e-01,4.117933214000000230e-01,4.578310847000000017e-01,4.413344263999999795e-01
4.117933214000000230e-01,3.926466404999999771e-01,4.413344263999999795e-01,4.235042929999999761e-01
3.926466404999999771e-01,3.730065227000000094e-01,4.235042929999999761e-01,4.053135216000000041e-01
3.730065227000000094e-01,3.542065321999999794e-01,4.053135216000000041e-01,3.879376948000000103e-01
3.542065321999999794e-01,3.373328148999999998e-01,3.879376948000000103e-01,3.723501563000000125e-01
3.373328148999999998e-01,3.229815662000000143e-01,3.723501563000000125e-01,3.590899408000000070e-01
5.000179409999999658e-01,4.825519918999999769e-01,5.445542335999999928e-01,5.224195718999999904e-01
4.825519918999999769e-01,4.713469744000000072e-01,5.224195718999999904e-01,5.086916088999999808e-01
4.713469744000000072e-01,4.630446135999999879e-01,5.086916088999999808e-01,4.987807870000000032e-01
4.630446135999999879e-01,4.561208784999999932e-01,4.987807870000000032e-01,4.907096326000000008e-01
4.561208784999999932e-01,4.497167169999999881e-01,4.907096326000000008e-01,4.834218919000000114e-01
4.497167169999999881e-01,4.431596398000000048e-01,4.834218919000000114e-01,4.761555791000000037e-01
4.431596398000000048e-01,4.356431067000000046e-01,4.761555791000000037e-01,4.680815040999999899e-01
4.356431067000000046e-01,4.256838560000000271e-01,4.680815040999999899e-01,4.577822684999999781e-01
4.256838560000000271e-01,4.124259055000000229e-01,4.577822684999999781e-01,4.446240365999999944e-01
4.124259055000000229e-01,3.964544237000000027e-01,4.446240365999999944e-01,4.293060899000000208e-01
3.964544237000000027e-01,3.777810632999999974e-01,4.293060899000000208e-01,4.117933214000000230e-01
3.777810632999999974e-01,3.571121991000000273e-01,4.117933214000000230e-01,3.926466404999999771e-01
3.571121991000000273e-01,3.357849716999999901e-01,3.926466404999999771e-01,3.730065227000000094e-01
3.357849716999999901e-01,3.153201640000000139e-01,3.730065227000000094e-01,3.542065321999999794e-01
3.153201640000000139e-01,2.969385982000000146e-01,3.542065321999999794e-01,3.373328148999999998e-01
2.969385982000000146e-01,2.813057303000000009e-01,3.373328148999999998e-01,3.229815662000000143e-01
4.465814233000000022e-01,4.347683488999999901e-01,5.000179409999999658e-01,4.825519918999999769e-01
4.347683488999999901e-01,4.266299306999999930e-01,4.825519918999999769e-01,4.713469744000000072e-01
4.266299306999999930e-01,4.202892482000000207e-01,4.713469744000000072e-01,4.630446135999999879e-01
4.202892482000000207e-01,4.147699475000000136e-01,4.630446135999999879e-01,4.561208784999999932e-01
4.147699475000000136e-01,4.094518125000000119e-01,4.561208784999999932e-01,4.497167169999999881e-01
4.094518125000000119e-01,4.037717283000000212e-01,4.497167169999999881e-01,4.431596398000000048e-01
4.037717283000000212e-01,3.969522715000000090e-01,4.431596398000000048e-01,4.356431067000000046e-01
3.969522715000000090e-01,3.874331116999999991e-01,4.356431067000000046e-01,4.256838560000000271e-01
3.874331116999999991e-01,3.740869761000000238e-01,4.256838560000000271e-01,4.124259055000000229e-01
3.740869761000000238e-01,3.573529124000000001e-01,4.124259055000000229e-01,3.964544237000000027e-01
3.573529124000000001e-01,3.372950852000000110e-01,3.964544237000000027e-01,3.777810632999999974e-01
3.372950852000000110e-01,3.147939146000000021e-01,3.777810632999999974e-01,3.571121991000000273e-01
3.147939146000000021e-01,2.914253175000000029e-01,3.571121991000000273e-01,3.357849716999999901e-01
2.914253175000000029e-01,2.689392864999999855e-01,3.357849716999999901e-01,3.153201640000000139e-01
2.689392864999999855e-01,2.487228959999999989e-01,3.153201640000000139e-01,2.969385982000000146e-01
2.487228959999999989e-01,2.315280885000000066e-01,2.969385982000000146e-01,2.813057303000000009e-01
3.811768889000000105e-01,3.763357996999999733e-01,4.465814233000000022e-01,4.347683488999999901e-01
3.763357996999999733e-01,3.719910383000000209e-01,4.347683488999999901e-01,4.266299306999999930e-01
3.719910383000000209e-01,3.680828809999999729e-01,4.266299306999999930e-01,4.202892482000000207e-01
3.680828809999999729e-01,3.643089533000000158e-01,4.202892482000000207e-01,4.147699475000000136e-01
3.643089533000000158e-01,3.603439331000000134e-01,4.147699475000000136e-01,4.094518125000000119e-01
3.603439331000000134e-01,3.557603060999999789e-01,4.094518125000000119e-01,4.037717283000000212e-01
3.557603060999999789e-01,3.498174846000000060e-01,4.037717283000000212e-01,3.969522715000000090e-01
3.498174846000000060e-01,3.408615886999999955e-01,3.969522715000000090e-01,3.874331116999999991e-01
3.408615886999999955e-01,3.274267912000000114e-01,3.874331116999999991e-01,3.740869761000000238e-01
3.274267912000000114e-01,3.097645341999999968e-01,3.740869761000000238e-01,3.573529124000000001e-01
3.097645341999999968e-01,2.880000770000000210e-01,3.573529124000000001e-01,3.372950852000000110e-01
2.880000770000000210e-01,2.632276416000000063e-01,3.372950852000000110e-01,3.147939146000000021e-01
2.632276416000000063e-01,2.373200803999999942e-01,3.147939146000000021e-01,2.914253175000000029e-01
2.373200803999999942e-01,2.123142927999999985e-01,2.914253175000000029e-01,2.689392864999999855e-01
2.123142927999999985e-01,1.898067743000000085e-01,2.689392864999999855e-01,2.487228959999999989e-01
1.898067743000000085e-01,1.706593185999999984e-01,2.487228959999999989e-01,2.315280885000000066e-01
3.002570569999999939e-01,3.040970861999999775e-01,3.811768889000000105e-01,3.763357996999999733e-01
3.040970861999999775e-01,3.044845760000000068e-01,3.763357996999999733e-01,3.719910383000000209e-01
3.044845760000000068e-01,3.036135732999999948e-01,3.719910383000000209e-01,3.680828809999999729e-01
3.036135732999999948e-01,3.020199238999999869e-01,3.680828809999999729e-01,3.643089533000000158e-01
3.020199238999999869e-01,2.997456491000000112e-01,3.643089533000000158e-01,3.603439331000000134e-01
2.997456491000000112e-01,2.965320646999999865e-01,3.603439331000000134e-01,3.557603060999999789e-01
2.965320646999999865e-01,2.916840910999999870e-01,3.557603060999999789e-01,3.498174846000000060e-01
2.916840910999999870e-01,2.834291458000000041e-01,3.498174846000000060e-01,3.408615886999999955e-01
2.834291458000000041e-01,2.698737978999999898e-01,3.408615886999999955e-01,3.274267912000000114e-01
2.698737978999999898e-01,2.510304152999999761e-01,3.274267912000000114e-01,3.097645341999999968e-01
2.510304152999999761e-01,2.270985692999999972e-01,3.097645341999999968e-01,2.880000770000000210e-01
2.270985692999999972e-01,1.994408071000000060e-01,2.880000770000000210e-01,2.632276416000000063e-01
1.994408071000000060e-01,1.703051925000000077e-01,2.632276416000000063e-01,2.373200803999999942e-01
1.703051925000000077e-01,1.420930623999999975e-01,2.373200803999999942e-01,2.123142927999999985e-01
1.420930623999999975e-01,1.166679189000000005e-01,2.123142927999999985e-01,1.898067743000000085e-01
1.166679189000000005e-01,9.503240138000000614e-02,1.898067743000000085e-01,1.706593185999999984e-01
2.000000030000000095e-01,2.146406770000000019e-01,3.002570569999999939e-01,3.040970861999999775e-01
2.146406770000000019e-01,2.209152876999999904e-01,3.040970861999999775e-01,3.044845760000000068e-01
2.209152876999999904e-01,2.238171995000000081e-01,3.044845760000000068e-01,3.036135732999999948e-01
2.238171995000000081e-01,2.249255329000000025e-01,3.036135732999999948e-01,3.020199238999999869e-01
2.249255329000000025e-01,2.247389257000000085e-01,3.020199238999999869e-01,2.997456491000000112e-01
2.247389257000000085e-01,2.232068031999999980e-01,2.997456491000000112e-01,2.965320646999999865e-01
2.232068031999999980e-01,2.196860908999999917e-01,2.965320646999999865e-01,2.916840910999999870e-01
2.196860908999999917e-01,2.122448980999999957e-01,2.916840910999999870e-01,2.834291458000000041e-01
2.122448980999999957e-01,1.984458715000000095e-01,2.834291458000000041e-01,2.698737978999999898e-01
1.984458715000000095e-01,1.780056952999999886e-01,2.698737978999999898e-01,2.510304152999999761e-01
1.780056952999999886e-01,1.512196212999999956e-01,2.510304152999999761e-01,2.270985692999999972e-01
1.512196212999999956e-01,1.197939142999999984e-01,2.270985692999999972e-01,1.994408071000000060e-01
1.197939142999999984e-01,8.645743131999999997e-02,1.994408071000000060e-01,1.703051925000000077e-01
8.645743131999999997e-02,5.407908931000000169e-02,1.703051925000000077e-01,1.420930623999999975e-01
5.407908931000000169e-02,2.486540563000000023e-02,1.420930623999999975e-01,1.166679189000000005e-01
2.486540563000000023e-02,0.000000000000000000e+00,1.166679189000000005e-01,9.503240138000000614e-02
