9.933661221999999791e-01,8.862600326999999778e-01,1.000000000000000000e+00,8.927510381000000050e-01
8.862600326999999778e-01,8.031147121999999694e-01,8.927510381000000050e-01,8.088284135000000097e-01
8.031147121999999694e-01,7.335469722999999886e-01,8.088284135000000097e-01,7.383455634000000156e-01
7.335469722999999886e-01,6.705269216999999449e-01,7.383455634000000156e-01,6.743584871000000147e-01
6.705269216999999449e-01,6.088638306000000444e-01,6.743584871000000147e-01,6.116656065000000142e-01
6.088638306000000444e-01,5.436614751999999662e-01,6.116656065000000142e-01,5.453199147999999719e-01
5.436614751999999662e-01,4.687431752999999812e-01,5.453199147999999719e-01,4.690543114999999874e-01
4.687431752999999812e-01,3.739500045999999966e-01,4.690543114999999874e-01,3.725465237999999735e-01
3.739500045999999966e-01,2.611261904000000134e-01,3.725465237999999735e-01,2.576672434999999761e-01
2.611261904000000134e-01,1.467835306999999978e-01,2.576672434999999761e-01,1.412243246999999868e-01
1.467835306999999978e-01,3.866839780999999782e-02,1.412243246999999868e-01,3.112713992999999874e-02
3.866839780999999782e-02,-5.711259693000000220e-02,3.112713992999999874e-02,-6.640177965000000626e-02
-5.711259693000000220e-02,-1.372221559000000035e-01,-6.640177965000000626e-02,-1.479700059000000067e-01
-1.372221559000000035e-01,-2.010761648000000124e-01,-1.479700059000000067e-01,-2.129865884999999903e-01
-2.010761648000000124e-01,-2.500571609000000195e-01,-2.129865884999999903e-01,-2.628584503999999988e-01
-2.500571609000000195e-01,-2.865396439999999822e-01,-2.628584503999999988e-01,-3.000000118999999743e-01
9.849838614000000492e-01,8.779451847000000475e-01,9.933661221999999791e-01,8.862600326999999778e-01
8.779451847000000475e-01,7.957517505000000213e-01,8.862600326999999778e-01,8.031147121999999694e-01
7.957517505000000213e-01,7.273395060999999773e-01,8.031147121999999694e-01,7.335469722999999886e-01
7.273395060999999773e-01,6.655539870000000136e-01,7.335469722999999886e-01,6.705269216999999449e-01
6.655539870000000136e-01,6.052134036999999855e-01,6.705269216999999449e-01,6.088638306000000444e-01
6.052134036999999855e-01,5.414849520000000194e-01,6.088638306000000444e-01,5.436614751999999662e-01
5.414849520000000194e-01,4.683076738999999988e-01,5.436614751999999662e-01,4.687431752999999812e-01
4.683076738999999988e-01,3.757338524000000124e-01,4.687431752999999812e-01,3.739500045999999966e-01
3.757338524000000124e-01,2.655753492999999854e-01,3.739500045999999966e-01,2.611261904000000134e-01
2.655753492999999854e-01,1.539617628000000127e-01,2.611261904000000134e-01,1.467835306999999978e-01
1.539617628000000127e-01,4.842637107000000163e-02,1.467835306999999978e-01,3.866839780999999782e-02
4.842637107000000163e-02,-4.507573321000000327e-02,3.866839780999999782e-02,-5.711259693000000220e-02
-4.507573321000000327e-02,-1.232796832999999981e-01,-5.711259693000000220e-02,-1.372221559000000035e-01
-1.232796832999999981e-01,-1.856114566000000021e-01,-1.372221559000000035e-01,-2.010761648000000124e-01
-1.856114566000000021e-01,-2.334233671000000010e-01,-2.010761648000000124e-01,-2.500571609000000195e-01
-2.334233671000000010e-01,-2.690392732999999925e-01,-2.500571609000000195e-01,-2.865396439999999822e-01
9.755950570000000432e-01,8.684294223999999840e-01,9.849838614000000492e-01,8.779451847000000475e-01
8.684294223999999840e-01,7.872583269999999800e-01,8.779451847000000475e-01,7.957517505000000213e-01
7.872583269999999800e-01,7.201502322999999706e-01,7.957517505000000213e-01,7.273395060999999773e-01
7.201502322999999706e-01,6.597817540000000536e-01,7.273395060999999773e-01,6.655539870000000136e-01
6.597817540000000536e-01,6.009722351999999823e-01,6.655539870000000136e-01,6.052134036999999855e-01
6.009722351999999823e-01,5.389586091000000412e-01,6.052134036999999855e-01,5.414849520000000194e-01
5.389586091000000412e-01,4.678132831999999852e-01,5.414849520000000194e-01,4.683076738999999988e-01
4.678132831999999852e-01,3.778343797000000004e-01,4.683076738999999988e-01,3.757338524000000124e-01
3.778343797000000004e-01,2.707985937999999870e-01,3.757338524000000124e-01,2.655753492999999854e-01
2.707985937999999870e-01,1.623892634999999918e-01,2.655753492999999854e-01,1.539617628000000127e-01
1.623892634999999918e-01,5.988757312000000249e-02,1.539617628000000127e-01,4.842637107000000163e-02
5.988757312000000249e-02,-3.093045763999999892e-02,4.842637107000000163e-02,-4.507573321000000327e-02
-3.093045763999999892e-02,-1.068857163000000027e-01,-4.507573321000000327e-02,-1.232796832999999981e-01
-1.068857163000000027e-01,-1.674172281999999901e-01,-1.232796832999999981e-01,-1.856114566000000021e-01
-1.674172281999999901e-01,-2.138435096000000091e-01,-1.856114566000000021e-01,-2.334233671000000010e-01
-2.138435096000000091e-01,-2.484305203000000128e-01,-2.334233671000000010e-01,-2.690392732999999925e-01
9.665707350000000142e-01,8.583185076999999552e-01,9.755950570000000432e-01,8.684294223999999840e-01
8.583185076999999552e-01,7.776255011999999578e-01,8.684294223999999840e-01,7.872583269999999800e-01
7.776255011999999578e-01,7.114457487999999996e-01,7.872583269999999800e-01,7.201502322999999706e-01
7.114457487999999996e-01,6.521957516999999926e-01,7.201502322999999706e-01,6.597817540000000536e-01
6.521957516999999926e-01,5.946513413999999775e-01,6.597817540000000536e-01,6.009722351999999823e-01
5.946513413999999775e-01,5.340896845000000503e-01,6.009722351999999823e-01,5.389586091000000412e-01
5.340896845000000503e-01,4.646874665999999876e-01,5.389586091000000412e-01,4.678132831999999852e-01
4.646874665999999876e-01,3.769461512999999764e-01,4.678132831999999852e-01,3.778343797000000004e-01
3.769461512999999764e-01,2.726166546000000079e-01,3.778343797000000004e-01,2.707985937999999870e-01
2.726166546000000079e-01,1.669973432999999896e-01,2.707985937999999870e-01,1.623892634999999918e-01
1.669973432999999896e-01,6.713804602999999538e-02,1.623892634999999918e-01,5.988757312000000249e-02
6.713804602999999538e-02,-2.134500258000000122e-02,5.988757312000000249e-02,-3.093045763999999892e-02
-2.134500258000000122e-02,-9.534579514999999561e-02,-3.093045763999999892e-02,-1.068857163000000027e-01
-9.534579514999999561e-02,-1.543133556999999878e-01,-1.068857163000000027e-01,-1.674172281999999901e-01
-1.543133556999999878e-01,-1.995371579999999923e-01,-1.674172281999999901e-01,-2.138435096000000091e-01
-1.995371579999999923e-01,-2.332342118000000075e-01,-2.138435096000000091e-01,-2.484305203000000128e-01
9.593110680999999973e-01,8.483240008000000332e-01,9.665707350000000142e-01,8.583185076999999552e-01
8.483240008000000332e-01,7.669753432000000481e-01,8.583185076999999552e-01,7.776255011999999578e-01
7.669753432000000481e-01,7.008307576000000205e-01,7.776255011999999578e-01,7.114457487999999996e-01
7.008307576000000205e-01,6.419185400000000374e-01,7.114457487999999996e-01,6.521957516999999926e-01
6.419185400000000374e-01,5.848927497999999447e-01,6.521957516999999926e-01,5.946513413999999775e-01
5.848927497999999447e-01,5.250058173999999633e-01,5.946513413999999775e-01,5.340896845000000503e-01
5.250058173999999633e-01,4.564624131000000196e-01,5.340896845000000503e-01,4.646874665999999876e-01
4.564624131000000196e-01,3.698450327000000204e-01,4.646874665999999876e-01,3.769461512999999764e-01
3.698450327000000204e-01,2.668990790999999918e-01,3.769461512999999764e-01,2.726166546000000079e-01
2.668990790999999918e-01,1.627266257999999965e-01,2.726166546000000079e-01,1.669973432999999896e-01
1.627266257999999965e-01,6.422905623999999869e-02,1.669973432999999896e-01,6.713804602999999538e-02
6.422905623999999869e-02,-2.306934445999999847e-02,6.713804602999999538e-02,-2.134500258000000122e-02
-2.306934445999999847e-02,-9.609526395999999637e-02,-2.134500258000000122e-02,-9.534579514999999561e-02
-9.609526395999999637e-02,-1.542962492000000130e-01,-9.534579514999999561e-02,-1.543133556999999878e-01
-1.542962492000000130e-01,-1.989433019999999885e-01,-1.543133556999999878e-01,-1.995371579999999923e-01
-1.989433019999999885e-01,-2.322275788000000007e-01,-1.995371579999999923e-01,-2.332342118000000075e-01
9.544788002999999854e-01,8.400711416999999681e-01,9.593110680999999973e-01,8.483240008000000332e-01
8.400711416999999681e-01,7.574863433999999840e-01,8.483240008000000332e-01,7.669753432000000481e-01
7.574863433999999840e-01,6.908698081999999907e-01,7.669753432000000481e-01,7.008307576000000205e-01
6.908698081999999907e-01,6.318237184999999645e-01,7.008307576000000205e-01,6.419185400000000374e-01
6.318237184999999645e-01,5.748471617999999506e-01,6.419185400000000374e-01,5.848927497999999447e-01
5.748471617999999506e-01,5.151329041000000108e-01,5.848927497999999447e-01,5.250058173999999633e-01
5.151329041000000108e-01,4.468670189000000237e-01,5.250058173999999633e-01,4.564624131000000196e-01
4.468670189000000237e-01,3.606348634000000053e-01,4.564624131000000196e-01,3.698450327000000204e-01
3.606348634000000053e-01,2.581863701000000066e-01,3.698450327000000204e-01,2.668990790999999918e-01
2.581863701000000066e-01,1.545517892000000115e-01,2.668990790999999918e-01,1.627266257999999965e-01
1.545517892000000115e-01,5.654382332999999955e-02,1.627266257999999965e-01,6.422905623999999869e-02
5.654382332999999955e-02,-3.035798669000000158e-02,6.422905623999999869e-02,-2.306934445999999847e-02
-3.035798669000000158e-02,-1.030855402000000060e-01,-2.306934445999999847e-02,-9.609526395999999637e-02
-1.030855402000000060e-01,-1.610759944000000055e-01,-9.609526395999999637e-02,-1.542962492000000130e-01
-1.610759944000000055e-01,-2.055867314000000001e-01,-1.542962492000000130e-01,-1.989433019999999885e-01
-2.055867314000000001e-01,-2.387963533000000138e-01,-1.989433019999999885e-01,-2.322275788000000007e-01
9.518124461000000425e-01,8.350217342000000320e-01,9.544788002999999854e-01,8.400711416999999681e-01
8.350217342000000320e-01,7.517127990999999954e-01,8.400711416999999681e-01,7.574863433999999840e-01
7.517127990999999954e-01,6.849354506000000509e-01,7.574863433999999840e-01,6.908698081999999907e-01
6.849354506000000509e-01,6.259754896000000457e-01,6.908698081999999907e-01,6.318237184999999645e-01
6.259754896000000457e-01,5.692246556000000179e-01,6.318237184999999645e-01,5.748471617999999506e-01
5.692246556000000179e-01,5.098431110000000155e-01,5.748471617999999506e-01,5.151329041000000108e-01
5.098431110000000155e-01,4.420201778000000248e-01,5.151329041000000108e-01,4.468670189000000237e-01
4.420201778000000248e-01,3.563720584000000247e-01,4.468670189000000237e-01,3.606348634000000053e-01
3.563720584000000247e-01,2.546457349999999842e-01,3.606348634000000053e-01,2.581863701000000066e-01
2.546457349999999842e-01,1.517660469000000067e-01,2.581863701000000066e-01,1.545517892000000115e-01
1.517660469000000067e-01,5.445326119999999853e-02,1.545517892000000115e-01,5.654382332999999955e-02
5.445326119999999853e-02,-3.186520562000000334e-02,5.654382332999999955e-02,-3.035798669000000158e-02
-3.186520562000000334e-02,-1.041338517999999963e-01,-3.035798669000000158e-02,-1.030855402000000060e-01
-1.041338517999999963e-01,-1.617822050999999928e-01,-1.030855402000000060e-01,-1.610759944000000055e-01
-1.617822050999999928e-01,-2.060520499999999866e-01,-1.610759944000000055e-01,-2.055867314000000001e-01
-2.060520499999999866e-01,-2.391045839000000006e-01,-2.055867314000000001e-01,-2.387963533000000138e-01
9.505877495000000232e-01,8.324213623999999756e-01,9.518124461000000425e-01,8.350217342000000320e-01
8.324213623999999756e-01,7.488479613999999840e-01,8.350217342000000320e-01,7.517127990999999954e-01
7.488479613999999840e-01,6.821656822999999648e-01,7.517127990999999954e-01,6.849354506000000509e-01
6.821656822999999648e-01,6.234558821000000250e-01,6.849354506000000509e-01,6.259754896000000457e-01
6.234558821000000250e-01,5.670493245000000071e-01,6.259754896000000457e-01,5.692246556000000179e-01
5.670493245000000071e-01,5.080972910000000065e-01,5.692246556000000179e-01,5.098431110000000155e-01
5.080972910000000065e-01,4.408092201000000099e-01,5.098431110000000155e-01,4.420201778000000248e-01
4.408092201000000099e-01,3.558523058999999988e-01,4.420201778000000248e-01,3.563720584000000247e-01
3.558523058999999988e-01,2.549653648999999911e-01,3.563720584000000247e-01,2.546457349999999842e-01
2.549653648999999911e-01,1.529507934999999874e-01,2.546457349999999842e-01,1.517660469000000067e-01
1.529507934999999874e-01,5.644217133999999969e-02,1.517660469000000067e-01,5.445326119999999853e-02
5.644217133999999969e-02,-2.918628976000000111e-02,5.445326119999999853e-02,-3.186520562000000334e-02
-2.918628976000000111e-02,-1.008967832000000064e-01,-3.186520562000000334e-02,-1.041338517999999963e-01
-1.008967832000000064e-01,-1.581150591000000105e-01,-1.041338517999999963e-01,-1.617822050999999928e-01
-1.581150591000000105e-01,-2.020683139999999989e-01,-1.617822050999999928e-01,-2.060520499999999866e-01
-2.020683139999999989e-01,-2.348992675999999891e-01,-2.060520499999999866e-01,-2.391045839000000006e-01
9.500713347999999447e-01,8.310534953999999530e-01,9.505877495000000232e-01,8.324213623999999756e-01
8.310534953999999530e-01,7.474727630999999928e-01,8.324213623999999756e-01,7.488479613999999840e-01
7.474727630999999928e-01,6.810410619000000221e-01,7.488479613999999840e-01,6.821656822999999648e-01
6.810410619000000221e-01,6.226909756999999823e-01,6.821656822999999648e-01,6.234558821000000250e-01
6.226909756999999823e-01,5.667167901999999868e-01,6.234558821000000250e-01,5.670493245000000071e-01
5.667167901999999868e-01,5.082743763999999498e-01,5.670493245000000071e-01,5.080972910000000065e-01
5.082743763999999498e-01,4.416045845000000081e-01,5.080972910000000065e-01,4.408092201000000099e-01
4.416045845000000081e-01,3.574406206999999891e-01,4.408092201000000099e-01,3.558523058999999988e-01
3.574406206999999891e-01,2.575101255999999728e-01,3.558523058999999988e-01,2.549653648999999911e-01
2.575101255999999728e-01,1.564765871000000086e-01,2.549653648999999911e-01,1.529507934999999874e-01
1.564765871000000086e-01,6.088542938000000154e-02,1.529507934999999874e-01,5.644217133999999969e-02
6.088542938000000154e-02,-2.394615858999999888e-02,5.644217133999999969e-02,-2.918628976000000111e-02
-2.394615858999999888e-02,-9.500252454999999485e-02,-2.918628976000000111e-02,-1.008967832000000064e-01
-9.500252454999999485e-02,-1.517082899999999956e-01,-1.008967832000000064e-01,-1.581150591000000105e-01
-1.517082899999999956e-01,-1.952764392000000127e-01,-1.581150591000000105e-01,-2.020683139999999989e-01
-1.952764392000000127e-01,-2.278298884999999940e-01,-2.020683139999999989e-01,-2.348992675999999891e-01
9.500735997999999460e-01,8.304597734999999981e-01,9.500713347999999447e-01,8.310534953999999530e-01
8.304597734999999981e-01,7.470775843000000416e-01,8.310534953999999530e-01,7.474727630999999928e-01
7.470775843000000416e-01,6.810722946999999694e-01,7.474727630999999928e-01,6.810410619000000221e-01
6.810722946999999694e-01,6.232432127000000488e-01,6.810410619000000221e-01,6.226909756999999823e-01
6.232432127000000488e-01,5.678604244999999606e-01,6.226909756999999823e-01,5.667167901999999868e-01
5.678604244999999606e-01,5.100966691999999636e-01,5.667167901999999868e-01,5.082743763999999498e-01
5.100966691999999636e-01,4.442398249999999771e-01,5.082743763999999498e-01,4.416045845000000081e-01
4.442398249999999771e-01,3.611153363999999866e-01,4.416045845000000081e-01,3.574406206999999891e-01
3.611153363999999866e-01,2.624357044999999777e-01,3.574406206999999891e-01,2.575101255999999728e-01
2.624357044999999777e-01,1.626837402999999904e-01,2.575101255999999728e-01,1.564765871000000086e-01
1.626837402999999904e-01,6.829689443000000471e-02,1.564765871000000086e-01,6.088542938000000154e-02
6.829689443000000471e-02,-1.548024081000000038e-02,6.088542938000000154e-02,-2.394615858999999888e-02
-1.548024081000000038e-02,-8.566305786000000255e-02,-2.394615858999999888e-02,-9.500252454999999485e-02
-8.566305786000000255e-02,-1.416774987999999957e-01,-9.500252454999999485e-02,-1.517082899999999956e-01
-1.416774987999999957e-01,-1.847201735000000011e-01,-1.517082899999999956e-01,-1.952764392000000127e-01
-1.847201735000000011e-01,-2.168891877000000135e-01,-1.952764392000000127e-01,-2.278298884999999940e-01
9.507805704999999774e-01,8.307429551999999662e-01,9.500735997999999460e-01,8.304597734999999981e-01
8.307429551999999662e-01,7.477424145000000077e-01,8.304597734999999981e-01,7.470775843000000416e-01
7.477424145000000077e-01,6.823368668999999498e-01,7.470775843000000416e-01,6.810722946999999694e-01
6.823368668999999498e-01,6.251967549000000401e-01,6.810722946999999694e-01,6.232432127000000488e-01
6.251967549000000401e-01,5.705763698000000383e-01,6.232432127000000488e-01,5.678604244999999606e-01
5.705763698000000383e-01,5.136767030000000123e-01,5.678604244999999606e-01,5.100966691999999636e-01
5.136767030000000123e-01,4.488489330000000055e-01,5.100966691999999636e-01,4.442398249999999771e-01
4.488489330000000055e-01,3.670386373999999785e-01,4.442398249999999771e-01,3.611153363999999866e-01
3.670386373999999785e-01,2.699394225999999786e-01,3.611153363999999866e-01,2.624357044999999777e-01
2.699394225999999786e-01,1.718065887999999930e-01,2.624357044999999777e-01,1.626837402999999904e-01
1.718065887999999930e-01,7.894582300999999913e-02,1.626837402999999904e-01,6.829689443000000471e-02
7.894582300999999913e-02,-3.488933667999999984e-03,6.829689443000000471e-02,-1.548024081000000038e-02
-3.488933667999999984e-03,-7.255387305999999592e-02,-1.548024081000000038e-02,-8.566305786000000255e-02
-7.255387305999999592e-02,-1.276787071999999912e-01,-8.566305786000000255e-02,-1.416774987999999957e-01
-1.276787071999999912e-01,-1.700409203999999896e-01,-1.416774987999999957e-01,-1.847201735000000011e-01
-1.700409203999999896e-01,-2.017083018999999977e-01,-1.847201735000000011e-01,-2.168891877000000135e-01
9.525982141000000070e-01,8.322677612000000114e-01,9.507805704999999774e-01,8.307429551999999662e-01
8.322677612000000114e-01,7.498407959999999761e-01,8.307429551999999662e-01,7.477424145000000077e-01
7.498407959999999761e-01,6.852325796999999552e-01,7.477424145000000077e-01,6.823368668999999498e-01
6.852325796999999552e-01,6.289801001999999475e-01,6.823368668999999498e-01,6.251967549000000401e-01
6.289801001999999475e-01,5.753287673000000435e-01,6.251967549000000401e-01,5.705763698000000383e-01
5.753287673000000435e-01,5.195199847000000482e-01,5.705763698000000383e-01,5.136767030000000123e-01
5.195199847000000482e-01,4.559873938999999821e-01,5.136767030000000123e-01,4.488489330000000055e-01
4.559873938999999821e-01,3.758306800999999808e-01,4.488489330000000055e-01,3.670386373999999785e-01
3.758306800999999808e-01,2.807199954999999858e-01,3.670386373999999785e-01,2.699394225999999786e-01
2.807199954999999858e-01,1.846254318999999977e-01,2.699394225999999786e-01,1.718065887999999930e-01
1.846254318999999977e-01,9.369020909000000397e-02,1.718065887999999930e-01,7.894582300999999913e-02
9.369020909000000397e-02,1.295472309000000009e-02,7.894582300999999913e-02,-3.488933667999999984e-03
1.295472309000000009e-02,-5.468999593999999964e-02,-3.488933667999999984e-03,-7.255387305999999592e-02
-5.468999593999999964e-02,-1.086802929999999973e-01,-7.255387305999999592e-02,-1.276787071999999912e-01
-1.086802929999999973e-01,-1.501710712999999864e-01,-1.276787071999999912e-01,-1.700409203999999896e-01
-1.501710712999999864e-01,-1.811928301999999880e-01,-1.700409203999999896e-01,-2.017083018999999977e-01
9.562986492999999699e-01,8.357794881000000231e-01,9.525982141000000070e-01,8.322677612000000114e-01
8.357794881000000231e-01,7.541421055999999457e-01,8.322677612000000114e-01,7.498407959999999761e-01
7.541421055999999457e-01,6.905670762000000185e-01,7.498407959999999761e-01,6.852325796999999552e-01
6.905670762000000185e-01,6.354451180000000310e-01,6.852325796999999552e-01,6.289801001999999475e-01
6.354451180000000310e-01,5.830190182000000165e-01,6.289801001999999475e-01,5.753287673000000435e-01
5.830190182000000165e-01,5.285844207000000017e-01,5.753287673000000435e-01,5.195199847000000482e-01
5.285844207000000017e-01,4.666809738000000096e-01,5.195199847000000482e-01,4.559873938999999821e-01
4.666809738000000096e-01,3.886045813999999821e-01,4.559873938999999821e-01,3.758306800999999808e-01
3.886045813999999821e-01,2.959967256000000102e-01,3.758306800999999808e-01,2.807199954999999858e-01
2.959967256000000102e-01,2.024695873000000035e-01,2.807199954999999858e-01,1.846254318999999977e-01
2.024695873000000035e-01,1.139644234999999950e-01,1.846254318999999977e-01,9.369020909000000397e-02
1.139644234999999950e-01,3.537892178000000276e-02,9.369020909000000397e-02,1.295472309000000009e-02
3.537892178000000276e-02,-3.046379797000000125e-02,1.295472309000000009e-02,-5.468999593999999964e-02
-3.046379797000000125e-02,-8.301024883999999493e-02,-5.468999593999999964e-02,-1.086802929999999973e-01
-8.301024883999999493e-02,-1.233884989999999987e-01,-1.086802929999999973e-01,-1.501710712999999864e-01
-1.233884989999999987e-01,-1.535831391999999962e-01,-1.501710712999999864e-01,-1.811928301999999880e-01
9.633045196999999726e-01,8.426499963000000371e-01,9.562986492999999699e-01,8.357794881000000231e-01
8.426499963000000371e-01,7.620335220999999715e-01,8.357794881000000231e-01,7.541421055999999457e-01
7.620335220999999715e-01,6.997627020000000142e-01,7.541421055999999457e-01,6.905670762000000185e-01
6.997627020000000142e-01,6.460583805999999818e-01,6.905670762000000185e-01,6.354451180000000310e-01
6.460583805999999818e-01,5.951641798000000261e-01,6.354451180000000310e-01,5.830190182000000165e-01
5.951641798000000261e-01,5.424457191999999539e-01,5.830190182000000165e-01,5.285844207000000017e-01
5.424457191999999539e-01,4.825764893999999749e-01,5.285844207000000017e-01,4.666809738000000096e-01
4.825764893999999749e-01,4.070990682000000249e-01,4.666809738000000096e-01,3.886045813999999821e-01
4.070990682000000249e-01,3.176204263999999888e-01,3.886045813999999821e-01,2.959967256000000102e-01
3.176204263999999888e-01,2.273066937999999870e-01,2.959967256000000102e-01,2.024695873000000035e-01
2.273066937999999870e-01,1.418478638000000014e-01,2.024695873000000035e-01,1.139644234999999950e-01
1.418478638000000014e-01,6.596291810000000366e-02,1.139644234999999950e-01,3.537892178000000276e-02
6.596291810000000366e-02,2.388625172999999866e-03,3.537892178000000276e-02,-3.046379797000000125e-02
2.388625172999999866e-03,-4.833606257999999850e-02,-3.046379797000000125e-02,-8.301024883999999493e-02
-4.833606257999999850e-02,-8.730724453999999524e-02,-8.301024883999999493e-02,-1.233884989999999987e-01
-8.730724453999999524e-02,-1.164531781999999932e-01,-1.233884989999999987e-01,-1.535831391999999962e-01
9.762378930999999760e-01,8.553649186999999765e-01,9.633045196999999726e-01,8.426499963000000371e-01
8.553649186999999765e-01,7.759699224999999645e-01,8.426499963000000371e-01,7.620335220999999715e-01
7.759699224999999645e-01,7.152796388000000061e-01,7.620335220999999715e-01,6.997627020000000142e-01
7.152796388000000061e-01,6.633013487000000152e-01,6.997627020000000142e-01,6.460583805999999818e-01
6.633013487000000152e-01,6.142771839999999761e-01,6.460583805999999818e-01,5.951641798000000261e-01
6.142771839999999761e-01,5.636574030000000013e-01,5.951641798000000261e-01,5.424457191999999539e-01
5.636574030000000013e-01,5.062788725000000323e-01,5.424457191999999539e-01,4.825764893999999749e-01
5.062788725000000323e-01,4.339869022000000243e-01,4.825764893999999749e-01,4.070990682000000249e-01
4.339869022000000243e-01,3.483482003000000216e-01,4.070990682000000249e-01,3.176204263999999888e-01
3.483482003000000216e-01,2.619828880000000249e-01,3.176204263999999888e-01,2.273066937999999870e-01
2.619828880000000249e-01,1.802716255000000045e-01,2.273066937999999870e-01,1.418478638000000014e-01
1.802716255000000045e-01,1.077128053000000057e-01,1.418478638000000014e-01,6.596291810000000366e-02
1.077128053000000057e-01,4.693593830000000050e-02,6.596291810000000366e-02,2.388625172999999866e-03
4.693593830000000050e-02,-1.539254094999999937e-03,2.388625172999999866e-03,-4.833606257999999850e-02
-1.539254094999999937e-03,-3.877092898000000093e-02,-4.833606257999999850e-02,-8.730724453999999524e-02
-3.877092898000000093e-02,-6.661915778999999427e-02,-8.730724453999999524e-02,-1.164531781999999932e-01
1.000000000000000000e+00,8.784747720000000148e-01,9.762378930999999760e-01,8.553649186999999765e-01
8.784747720000000148e-01,8.003488778999999775e-01,8.553649186999999765e-01,7.759699224999999645e-01
8.003488778999999775e-01,7.414365411000000128e-01,7.759699224999999645e-01,7.152796388000000061e-01
7.414365411000000128e-01,6.914474964000000279e-01,7.152796388000000061e-01,6.633013487000000152e-01
6.914474964000000279e-01,6.446037291999999752e-01,6.633013487000000152e-01,6.142771839999999761e-01
6.446037291999999752e-01,5.964469314000000466e-01,6.142771839999999761e-01,5.636574030000000013e-01
5.964469314000000466e-01,5.420023798999999975e-01,5.636574030000000013e-01,5.062788725000000323e-01
5.420023798999999975e-01,4.734693765999999915e-01,5.062788725000000323e-01,4.339869022000000243e-01
4.734693765999999915e-01,3.923699558000000032e-01,4.339869022000000243e-01,3.483482003000000216e-01
3.923699558000000032e-01,3.106799424000000198e-01,3.483482003000000216e-01,2.619828880000000249e-01
3.106799424000000198e-01,2.334073335000000082e-01,2.619828880000000249e-01,1.802716255000000045e-01
2.334073335000000082e-01,1.647859811999999868e-01,1.802716255000000045e-01,1.077128053000000057e-01
1.647859811999999868e-01,1.073179244999999948e-01,1.077128053000000057e-01,4.693593830000000050e-02
1.073179244999999948e-01,6.150056421999999801e-02,4.693593830000000050e-02,-1.539254094999999937e-03
6.150056421999999801e-02,2.632098645000000015e-02,-1.539254094999999937e-03,-3.877092898000000093e-02
2.632098645000000015e-02,0.000000000000000000e+00,-3.877092898000000093e-02,-6.661915778999999427e-02
